name,code,year,GDP_growth
Singapore,SGP,2014,3.93554027709007
Singapore,SGP,2015,2.97679931634806
Singapore,SGP,2016,3.74757848792792
Singapore,SGP,2017,4.47689915845876
Singapore,SGP,2018,3.4519759658687
Singapore,SGP,2019,1.30804118153127
Singapore,SGP,2020,-3.81470885510713
Singapore,SGP,2021,9.7568044629903
Singapore,SGP,2022,4.10800021897151
Singapore,SGP,2023,1.82140694115385
Singapore,SGP,2024,4.38802362461865
