name,code,year,GDP_growth
Italy,ITA,2014,-0.00138761730454462
Italy,ITA,2015,0.885667635240807
Italy,ITA,2016,1.23622108511661
Italy,ITA,2017,1.60369995294101
Italy,ITA,2018,0.826646712344115
Italy,ITA,2019,0.429162533780342
Italy,ITA,2020,-8.86822122185345
Italy,ITA,2021,8.93106210800055
Italy,ITA,2022,4.82117669913565
Italy,ITA,2023,0.715372500867531
Italy,ITA,2024,0.725792380234424
