name,code,year,GDP_growth
Finland,FIN,2014,-0.4780684247837
Finland,FIN,2015,0.466503766322674
Finland,FIN,2016,2.57193414898754
Finland,FIN,2017,3.30337003591039
Finland,FIN,2018,1.19297759742292
Finland,FIN,2019,1.34973845741737
Finland,FIN,2020,-2.49103605535707
Finland,FIN,2021,2.67634641498897
Finland,FIN,2022,0.763041912763526
Finland,FIN,2023,-0.946904862611035
Finland,FIN,2024,-0.154214821070312
