name,code,year,GDP_growth
Norway,NOR,2014,2.04813200438943
Norway,NOR,2015,1.85733971623901
Norway,NOR,2016,1.16472423928819
Norway,NOR,2017,2.46374626574153
Norway,NOR,2018,0.828931500516902
Norway,NOR,2019,1.12374694968757
Norway,NOR,2020,-1.27817177234034
Norway,NOR,2021,3.90868676830634
Norway,NOR,2022,3.24622860260932
Norway,NOR,2023,0.0721204806030329
Norway,NOR,2024,2.10045327837291
