name,code,year,GDP_growth
Ireland,IRL,2014,9.33603375045837
Ireland,IRL,2015,24.6155698980205
Ireland,IRL,2016,1.2226384923421
Ireland,IRL,2017,10.0496284821662
Ireland,IRL,2018,7.5443421414267
Ireland,IRL,2019,5.04054996161159
Ireland,IRL,2020,7.1578988000836
Ireland,IRL,2021,16.2556135233358
Ireland,IRL,2022,8.61950345618772
Ireland,IRL,2023,-5.5300073886596
Ireland,IRL,2024,1.22133429898928
