name,code,year,GDP_growth
Denmark,DNK,2014,1.27799983192831
Denmark,DNK,2015,2.10441456445301
Denmark,DNK,2016,3.07304549209093
Denmark,DNK,2017,3.05647723922718
Denmark,DNK,2018,1.8600074900921
Denmark,DNK,2019,1.71140093932736
Denmark,DNK,2020,-1.78010601831291
Denmark,DNK,2021,7.38206633449863
Denmark,DNK,2022,1.54017307357893
Denmark,DNK,2023,2.49518434516773
Denmark,DNK,2024,3.67619734971929
