name,code,year,GDP_growth
Austria,AUT,2014,0.755798850316665
Austria,AUT,2015,1.30352331826198
Austria,AUT,2016,2.11721964494312
Austria,AUT,2017,2.27224992038207
Austria,AUT,2018,2.48422114080024
Austria,AUT,2019,1.75497619649288
Austria,AUT,2020,-6.31825509209936
Austria,AUT,2021,4.79532885699543
Austria,AUT,2022,5.27789448538658
Austria,AUT,2023,-0.954962529389121
Austria,AUT,2024,-1.17354053552188
