name,code,year,GDP_growth
Germany,DEU,2014,2.16949889758517
Germany,DEU,2015,1.65271978656361
Germany,DEU,2016,2.29471066413561
Germany,DEU,2017,2.71602454639843
Germany,DEU,2018,1.11644310902427
Germany,DEU,2019,0.987893350164853
Germany,DEU,2020,-4.09513751682526
Germany,DEU,2021,3.6699998840452
Germany,DEU,2022,1.36973104612758
Germany,DEU,2023,-0.266438401180253
Germany,DEU,2024,-0.238526858256165
