name,code,year,GDP_growth
France,FRA,2014,0.997832947295251
France,FRA,2015,1.06675474783462
France,FRA,2016,0.860031075424033
France,FRA,2017,2.08361485997399
France,FRA,2018,1.64590872395887
France,FRA,2019,2.02744646419237
France,FRA,2020,-7.44064589948231
France,FRA,2021,6.88233783360239
France,FRA,2022,2.57084047567793
France,FRA,2023,0.936487518850853
France,FRA,2024,1.16613851497229
