name,code,year,GDP_growth
Sweden,SWE,2014,2.29576379216599
Sweden,SWE,2015,4.41014068702994
Sweden,SWE,2016,2.34974080709026
Sweden,SWE,2017,1.8251560179849
Sweden,SWE,2018,1.90296457254834
Sweden,SWE,2019,2.54964787203104
Sweden,SWE,2020,-2.0053375219518
Sweden,SWE,2021,5.93750858896414
Sweden,SWE,2022,1.45928849980044
Sweden,SWE,2023,-0.114161935397789
Sweden,SWE,2024,0.973832212948594
