name,code,year,GDP_growth
Luxembourg,LUX,2014,2.62308679154881
Luxembourg,LUX,2015,2.26978423302835
Luxembourg,LUX,2016,4.97819011520116
Luxembourg,LUX,2017,1.31718713754285
Luxembourg,LUX,2018,1.61129561338169
Luxembourg,LUX,2019,2.74931929072659
Luxembourg,LUX,2020,-0.510051634039826
Luxembourg,LUX,2021,6.9297342584233
Luxembourg,LUX,2022,-1.09505351160836
Luxembourg,LUX,2023,-0.693632727692318
Luxembourg,LUX,2024,1.03161671348924
