name,code,year,GDP_growth
Belgium,BEL,2014,1.76554038149924
Belgium,BEL,2015,1.47416433731927
Belgium,BEL,2016,1.19350273007754
Belgium,BEL,2017,1.47446761556785
Belgium,BEL,2018,1.87796847383565
Belgium,BEL,2019,2.4428900448156
Belgium,BEL,2020,-4.7929839083518
Belgium,BEL,2021,6.20759981274431
Belgium,BEL,2022,4.2593607365269
Belgium,BEL,2023,1.201691781997
Belgium,BEL,2024,1.01889862506124
