name,code,year,GDP_growth
Spain,ESP,2014,1.52048593647231
Spain,ESP,2015,4.06086672473866
Spain,ESP,2016,2.91515598595787
Spain,ESP,2017,2.89604207865007
Spain,ESP,2018,2.39541124478878
Spain,ESP,2019,1.96117850841711
Spain,ESP,2020,-10.9400706350371
Spain,ESP,2021,6.68314420473001
Spain,ESP,2022,6.17931219966114
Spain,ESP,2023,2.6756634629066
Spain,ESP,2024,3.15019564517223
