term,estimate,std.error,statistic,p.value
post:treat_CH,-0.025085772239421444,0.007687113837862404,-3.2633538111355946,0.08245397387493478
