term,estimate,std.error,statistic,p.value
group::CH:post_placebo,-0.7998786110420648,1e-6,-799878.6110420648,7.958954816129848e-7
