term,estimate,std.error,statistic,p.value
group::CH:post_placebo,-0.11564992857999457,1e-6,-115649.92857999456,5.504713925623984e-6
