term,estimate,std.error,statistic,p.value
post:treat_CH,-0.03394793377018461,0.018063239443159376,-1.8793934430759502,0.20095374101365146
