term,estimate,std.error,statistic,p.value
CH:post,-0.035615112942744075,1e-6,-35615.112942744076,1.7874989564787638e-5
HKSG:post,0.035615112942744075,1e-6,35615.112942744076,1.7874989564787638e-5
