unit,estimate,std.error
IE,-0.13352485027099725,0.05632739224567709
NL,0.004074394353165977,0.09660838121328415
GB,0.15703041758505373,0.051272443068878855
