term,estimate,std.error,statistic,p.value
group::CH:post,-0.010967025404561077,1e-6,-10967.025404561078,8.314235000357959e-9
group::HKSG:post,-0.003508951269870082,1e-6,-3508.9512698700823,8.121668761205078e-8
