unit,estimate,std.error
IE,0.20483697041643714,0.4162602972605648
NL,0.3614349084962926,0.40438239496361283
GB,0.5024553073742212,0.4415832514235006
LU,-1.6364353247792576,0.05514608112372138
