term,estimate,std.error,statistic,p.value
group::CH:post,-0.010543033021850551,1e-6,-10543.033021850551,6.038298174150493e-5
