model,estimate,std.error,p.value,ci_low,ci_high
No GDP control,-0.14636651949306012,1e-6,4.349490406430418e-6,-0.14636847949306012,-0.14636455949306013
"With GDP controls (gdp_idx, gdp_growth)",-0.010543033021850551,1e-6,6.038298174150493e-5,-0.010544993021850552,-0.01054107302185055
