term,estimate,std.error,statistic,p.value
group::CH:post,-0.3326531554795505,1.0000000000000002e-6,-332653.1554795504,1.913764417619659e-6
