post,mean_liab,mean_gdp,cor_ln
FALSE,104.9724575304378,99.38034761396554,0.5428972260726918
TRUE,110.02917711962029,108.2830072334875,-0.3359411448884783
