post,mean_liab,mean_gdp,cor_ln
FALSE,106.84703077314241,98.9874332977588,0.8723888729481483
TRUE,110.02917711962029,108.2830072334875,-0.3359411448884783
