dropped,att
IE,-0.06034982646404257
NL,-0.045368022650577586
GB,-0.0878649433036915
LU,-0.06783998804609412
