donor_num,weight,donor
1,0.062069328500962036,GB
2,0.09333750940672605,NL
3,0.10333507305278261,IE
4,0.11237429510381919,ES
5,0.11841817543965617,FI
6,0.13911353908745794,BE
7,0.1336231851709763,SE
8,0.12391440567810506,NO
9,0.11381447296534422,IT
