tau_ch,perm_p
-0.07251548157499586,0.6666666666666666
