dropped,att
HK,-0.046905096552114715
IE,-0.06191180095064128
SG,-0.12742093531331145
