tau_ch,perm_p
-0.13054101109512883,0.6666666666666666
