unit,att
GB,-0.002000254612269862
NL,0.13355191839897965
IE,0.13320969378864858
CH,-0.12997511452285754
