dropped,att
GB,-0.15315652785161796
NL,-0.08116261779942066
IE,-0.12159152398126426
