tau_ch,perm_p
-0.12997511452285754,0.6666666666666666
