rmspe_pre,rmspe_post,rmspe_ratio
0.48421342247645305,0.7041099415299324,1.4541313991851863
