rmspe_pre,rmspe_post,rmspe_ratio
0.24894848374781584,0.16867228865063047,0.6775389273770194
