donor,weight
GB,0.4468502937051351
NL,0.3556817508429805
IE,0.19746795545188436
