unit,att
HK,0.1260102539528649
IE,0.11052407922861109
SG,-0.004415177411436673
CH,-0.07251548157499586
