dropped,att
GB,-0.17220777378421706
NL,-0.08116261779943038
IE,-0.1252195622777552
