quarter,weight
2017 Q2,0
2017 Q3,0
2019 Q4,0.03753494873258769
2020 Q3,0.7079700741620603
2020 Q4,0.16186608055476273
2021 Q2,0
2021 Q3,0.09262889655059595
