rmspe_pre,rmspe_post,rmspe_ratio
0.03672339928427785,0.12400550615139995,3.3767436721058015
