donor,weight
HK,0.42240093681288976
IE,0.1715572904579648
SG,0.40604177272914543
