unit,att
GB,-5.376936283134166e-4
NL,0.13972325339923722
IE,0.2633295989852811
CH,-0.13054101109512883
