donor_num,weight,donor
1,0.8247847795349342,HK
2,0.1609363491822211,IE
3,0.014278781900706326,SG
