unit,att
IE,0.06009677625728511
NL,0.09630313444219345
GB,-0.011376039544953805
LU,-0.6413709282630787
CH,-0.07007148108260296
