quarter,weight
2018 Q2,0
2018 Q3,0
2018 Q4,0
2019 Q2,0
2019 Q3,0.45814529321904474
2019 Q4,0
2020 Q2,0
2020 Q3,0
2020 Q4,0.5418547067809553
2021 Q2,0
2021 Q3,0
2021 Q4,0
