donor_num,weight,donor
1,0.03851992500413935,GB
2,0.08504502802982752,NL
3,0.8764350469711922,IE
