donor,weight
IE,0.27467548612230963
NL,0.2763192259925915
GB,0.2763853010448237
LU,0.17261998684027519
