donor,weight
GB,0.10447119857604732
NL,0.1256717738664929
IE,0.12258095961499389
ES,0.1141469611474921
FI,0.07301904745582699
BE,0.10724557572694324
SE,0.1462932507708582
NO,0.08907571030211055
IT,0.11749552253923462
