name,code,year,CPI
Germany,DEU,2014,0.906794000434214
Germany,DEU,2015,0.514426137125455
Germany,DEU,2016,0.491747008445213
Germany,DEU,2017,1.50949485109622
Germany,DEU,2018,1.73216879766948
Germany,DEU,2019,1.44565976888253
Germany,DEU,2020,0.144877925813963
Germany,DEU,2021,3.0666666666667
Germany,DEU,2022,6.87257438551096
Germany,DEU,2023,5.94643667725828
Germany,DEU,2024,2.25649814338757
