name,code,year,CPI
Italy,ITA,2014,0.241047429826794
Italy,ITA,2015,0.0387903996579146
Italy,ITA,2016,-0.094016656915686
Italy,ITA,2017,1.22653316645805
Italy,ITA,2018,1.13748763600396
Italy,ITA,2019,0.611246943765281
Italy,ITA,2020,-0.137707573916501
Italy,ITA,2021,1.87378325762482
Italy,ITA,2022,8.20128991161714
Italy,ITA,2023,5.62219442195906
Italy,ITA,2024,0.98237302306138
