name,code,year,CPI
Denmark,DNK,2014,0.564020540449519
Denmark,DNK,2015,0.452034153691592
Denmark,DNK,2016,0.25000000000002
Denmark,DNK,2017,1.14713216957606
Denmark,DNK,2018,0.813609467455621
Denmark,DNK,2019,0.758131572511616
Denmark,DNK,2020,0.420711974110097
Denmark,DNK,2021,1.85304543989681
Denmark,DNK,2022,7.69656699889264
Denmark,DNK,2023,3.30517811237605
Denmark,DNK,2024,1.37220049768919
