name,code,year,CPI
Ireland,IRL,2014,0.190916398713822
Ireland,IRL,2015,-0.330959783371778
Ireland,IRL,2016,0.0201247735962648
Ireland,IRL,2017,0.362173038229412
Ireland,IRL,2018,0.471130713712891
Ireland,IRL,2019,0.937842961189285
Ireland,IRL,2020,-0.326183651280059
Ireland,IRL,2021,2.34034113447046
Ireland,IRL,2022,7.82945736434107
Ireland,IRL,2023,6.29942487419122
Ireland,IRL,2024,2.11344999577319
