name,code,year,CPI
Netherlands,NLD,2014,0.976035079699672
Netherlands,NLD,2015,0.600248147278746
Netherlands,NLD,2016,0.3166666666667
Netherlands,NLD,2017,1.38145871407207
Netherlands,NLD,2018,1.70349794744475
Netherlands,NLD,2019,2.63369910249596
Netherlands,NLD,2020,1.27246037789166
Netherlands,NLD,2021,2.67572008805385
Netherlands,NLD,2022,10.0012078753473
Netherlands,NLD,2023,3.8383935434281
Netherlands,NLD,2024,3.3475430421995
