name,code,year,CPI
Norway,NOR,2014,2.0417028670721
Norway,NOR,2015,2.17113665389527
Norway,NOR,2016,3.55
Norway,NOR,2017,1.87510059552554
Norway,NOR,2018,2.76483134528787
Norway,NOR,2019,2.16773003305404
Norway,NOR,2020,1.28658490707998
Norway,NOR,2021,3.48388055266683
Norway,NOR,2022,5.76412317852275
Norway,NOR,2023,5.51784987104656
Norway,NOR,2024,3.14530134431072
