name,code,year,CPI
France,FRA,2014,0.507758822937963
France,FRA,2015,0.0375143805125298
France,FRA,2016,0.183334861123829
France,FRA,2017,1.03228275064667
France,FRA,2018,1.85081508315501
France,FRA,2019,1.10825492288292
France,FRA,2020,0.476498852725014
France,FRA,2021,1.64233141038393
France,FRA,2022,5.22236748369736
France,FRA,2023,4.87835726508438
France,FRA,2024,1.99904942291464
