name,code,year,CPI
Singapore,SGP,2014,1.03316955857629
Singapore,SGP,2015,-0.521975611895757
Singapore,SGP,2016,-0.529809760375466
Singapore,SGP,2017,0.576763191180009
Singapore,SGP,2018,0.438784215129628
Singapore,SGP,2019,0.567829988405464
Singapore,SGP,2020,-0.172111865925357
Singapore,SGP,2021,2.31610315765142
Singapore,SGP,2022,6.13095418919736
Singapore,SGP,2023,4.83372362825795
Singapore,SGP,2024,2.38951123595021
