name,code,year,CPI
Saudi Arabia,SAU,2014,2.23916590559671
Saudi Arabia,SAU,2015,1.20469388504568
Saudi Arabia,SAU,2016,2.06740778344411
Saudi Arabia,SAU,2017,-0.836410331520586
Saudi Arabia,SAU,2018,2.45719835917882
Saudi Arabia,SAU,2019,-2.0933490096655
Saudi Arabia,SAU,2020,3.4454670643357
Saudi Arabia,SAU,2021,3.06328988941548
Saudi Arabia,SAU,2022,2.47407371925371
Saudi Arabia,SAU,2023,2.32708518362698
Saudi Arabia,SAU,2024,1.68792112375813
