name,code,year,CPI
Switzerland,CHE,2014,-0.0132025387514989
Switzerland,CHE,2015,-1.14390867228183
Switzerland,CHE,2016,-0.434618664285838
Switzerland,CHE,2017,0.533787839825897
Switzerland,CHE,2018,0.936335464113563
Switzerland,CHE,2019,0.362886179940615
Switzerland,CHE,2020,-0.725874933313387
Switzerland,CHE,2021,0.581814168489858
Switzerland,CHE,2022,2.8350279864446
Switzerland,CHE,2023,2.13540088016377
Switzerland,CHE,2024,1.06234041976597
