name,code,year,CPI
Belgium,BEL,2014,0.340002833356965
Belgium,BEL,2015,0.561429152790087
Belgium,BEL,2016,1.97385264653175
Belgium,BEL,2017,2.12597086002608
Belgium,BEL,2018,2.05316499865184
Belgium,BEL,2019,1.4368195699643
Belgium,BEL,2020,0.740791812220353
Belgium,BEL,2021,2.44024851144083
Belgium,BEL,2022,9.59751172872501
Belgium,BEL,2023,4.04901077613945
Belgium,BEL,2024,3.14349136500037
