name,code,year,CPI
Spain,ESP,2014,-0.151114837527205
Spain,ESP,2015,-0.50036570990325
Spain,ESP,2016,-0.20259800042646
Spain,ESP,2017,1.95607633363965
Spain,ESP,2018,1.67498136863794
Spain,ESP,2019,0.699518994458692
Spain,ESP,2020,-0.322753017299685
Spain,ESP,2021,3.09313511976412
Spain,ESP,2022,8.39057634118634
Spain,ESP,2023,3.53236133492429
Spain,ESP,2024,2.77417826534775
