name,code,year,CPI
Luxembourg,LUX,2014,0.628543985440711
Luxembourg,LUX,2015,0.474743161437794
Luxembourg,LUX,2016,0.2908333333333
Luxembourg,LUX,2017,1.73079959118893
Luxembourg,LUX,2018,1.52819524307374
Luxembourg,LUX,2019,1.74332075653852
Luxembourg,LUX,2020,0.819957302127018
Luxembourg,LUX,2021,2.52692009066169
Luxembourg,LUX,2022,6.33600807777913
Luxembourg,LUX,2023,3.74140361983141
Luxembourg,LUX,2024,2.05113269954858
