name,code,year,CPI
Austria,AUT,2014,1.60581182954475
Austria,AUT,2015,0.896563335260335
Austria,AUT,2016,0.891591752655315
Austria,AUT,2017,2.08126911385585
Austria,AUT,2018,1.99837981429547
Austria,AUT,2019,1.53089564152644
Austria,AUT,2020,1.38191063351859
Austria,AUT,2021,2.7666666666667
Austria,AUT,2022,8.54686993188449
Austria,AUT,2023,7.81413417002833
Austria,AUT,2024,2.93791574279385
