name,code,year,CPI
Finland,FIN,2014,1.04119621178439
Finland,FIN,2015,-0.207928839905252
Finland,FIN,2016,0.356684500891724
Finland,FIN,2017,0.754015047084353
Finland,FIN,2018,1.08382098409304
Finland,FIN,2019,1.02409392963425
Finland,FIN,2020,0.290554555653304
Finland,FIN,2021,2.19457432340004
Finland,FIN,2022,7.12350773301401
Finland,FIN,2023,6.25064322154762
Finland,FIN,2024,1.5656890623162
