name,code,year,CPI
United Kingdom,GBR,2014,1.45112016293279
United Kingdom,GBR,2015,0.36804684232537
United Kingdom,GBR,2016,1.00841736811403
United Kingdom,GBR,2017,2.55775577557753
United Kingdom,GBR,2018,2.29283990345937
United Kingdom,GBR,2019,1.73810460086515
United Kingdom,GBR,2020,0.989486703772449
United Kingdom,GBR,2021,2.5183710961421
United Kingdom,GBR,2022,7.92204883147907
United Kingdom,GBR,2023,6.79396706793964
United Kingdom,GBR,2024,3.27157294635921
