name,code,year,CPI
Sweden,SWE,2014,-0.179638494114693
Sweden,SWE,2015,-0.046784744983309
Sweden,SWE,2016,0.984269244578052
Sweden,SWE,2017,1.79449904665588
Sweden,SWE,2018,1.95353530127028
Sweden,SWE,2019,1.78415097403837
Sweden,SWE,2020,0.497367318853587
Sweden,SWE,2021,2.16319736447151
Sweden,SWE,2022,8.36929098869185
Sweden,SWE,2023,8.54862489748906
Sweden,SWE,2024,2.8358165822403
