name,code,year,GDP_growth
Saudi Arabia,SAU,2014,4.02464070584527
Saudi Arabia,SAU,2015,4.65512316652699
Saudi Arabia,SAU,2016,1.70407465765956
Saudi Arabia,SAU,2017,1.18207993308526
Saudi Arabia,SAU,2018,3.2269508901591
Saudi Arabia,SAU,2019,1.65156358885577
Saudi Arabia,SAU,2020,-3.80476473038999
Saudi Arabia,SAU,2021,6.51959698325419
Saudi Arabia,SAU,2022,12.0005874752929
Saudi Arabia,SAU,2023,0.542592439393161
Saudi Arabia,SAU,2024,1.80795515147298
