name,code,year,GDP_growth
Switzerland,CHE,2014,2.34988141500179
Switzerland,CHE,2015,1.64462750849488
Switzerland,CHE,2016,2.06868969039562
Switzerland,CHE,2017,1.36279965488859
Switzerland,CHE,2018,2.86044579439036
Switzerland,CHE,2019,1.14198218965691
Switzerland,CHE,2020,-2.14173712008038
Switzerland,CHE,2021,5.55962020605844
Switzerland,CHE,2022,3.04406102969423
Switzerland,CHE,2023,0.683328174376044
Switzerland,CHE,2024,1.30233332541106
