name,code,year,GDP_growth
United Kingdom,GBR,2014,3.19463731938923
United Kingdom,GBR,2015,2.22288842280334
United Kingdom,GBR,2016,1.92171009934007
United Kingdom,GBR,2017,2.65650487566202
United Kingdom,GBR,2018,1.40519025981538
United Kingdom,GBR,2019,1.62447518038404
United Kingdom,GBR,2020,-10.296918859171
United Kingdom,GBR,2021,8.57595087393024
United Kingdom,GBR,2022,4.83908517877134
United Kingdom,GBR,2023,0.39708234553963
United Kingdom,GBR,2024,1.10066786639271
