name,code,year,GDP_growth
Netherlands,NLD,2014,1.61261001294011
Netherlands,NLD,2015,2.12060523860846
Netherlands,NLD,2016,2.42428572955482
Netherlands,NLD,2017,2.78154619309936
Netherlands,NLD,2018,2.2587403735731
Netherlands,NLD,2019,2.30009157916757
Netherlands,NLD,2020,-3.86795333823223
Netherlands,NLD,2021,6.2768306708326
Netherlands,NLD,2022,5.00723455159611
Netherlands,NLD,2023,0.0745608349011775
Netherlands,NLD,2024,0.979674921515965
