term,estimate,std.error,p.value
CH,-0.35558162559332707,0.25401688676056494,0.1615628557912061
HKSG,-0.31356793708404573,0.25401688676056516,0.21703997184292534
