term,estimate,std.error,p.value
CH,-0.5433605380670535,0.5266733150645796,0.3022200811426681
