unit,estimate,std.error
IE,-0.7920717721954185,0.9322043253942848
NL,0.057502255128944135,0.11528217549217006
GB,1.2781471502908048,0.9415498310079482
